country_name,coutry_url
丹麦,https://www.agoda.com/zh-cn/country/denmark.html
乌克兰,https://www.agoda.com/zh-cn/country/ukraine.html
俄罗斯,https://www.agoda.com/zh-cn/country/russia.html
保加利亚,https://www.agoda.com/zh-cn/country/bulgaria.html
克罗地亚,https://www.agoda.com/zh-cn/country/croatia.html
冰岛,https://www.agoda.com/zh-cn/country/iceland.html
列支敦士登,https://www.agoda.com/zh-cn/country/liechtenstein.html
匈牙利,https://www.agoda.com/zh-cn/country/hungary.html
卢森堡,https://www.agoda.com/zh-cn/country/luxembourg.html
土耳其,https://www.agoda.com/zh-cn/country/turkey.html
圣马利诺,https://www.agoda.com/zh-cn/country/san-marino.html
塞尔维亚,https://www.agoda.com/zh-cn/country/serbia.html
塞浦路斯,https://www.agoda.com/zh-cn/country/cyprus.html
奥地利,https://www.agoda.com/zh-cn/country/austria.html
安道尔,https://www.agoda.com/zh-cn/country/andorra.html
希腊,https://www.agoda.com/zh-cn/country/greece.html
德国,https://www.agoda.com/zh-cn/country/germany.html
意大利,https://www.agoda.com/zh-cn/country/italy.html
拉脱维亚,https://www.agoda.com/zh-cn/country/latvia.html
挪威,https://www.agoda.com/zh-cn/country/norway.html
捷克,https://www.agoda.com/zh-cn/country/czech-republic.html
摩尔多瓦,https://www.agoda.com/zh-cn/country/moldova.html
摩纳哥,https://www.agoda.com/zh-cn/country/monaco.html
斯洛伐克,https://www.agoda.com/zh-cn/country/slovakia.html
斯洛文尼亚,https://www.agoda.com/zh-cn/country/slovenia.html
根西岛,https://www.agoda.com/zh-cn/country/guernsey.html
格陵兰,https://www.agoda.com/zh-cn/country/greenland.html
格鲁吉亚,https://www.agoda.com/zh-cn/country/georgia.html
比利时,https://www.agoda.com/zh-cn/country/belgium.html
法国,https://www.agoda.com/zh-cn/country/france.html
法罗群岛,https://www.agoda.com/zh-cn/country/faroe-islands.html
波兰,https://www.agoda.com/zh-cn/country/poland.html
波斯尼亚,https://www.agoda.com/zh-cn/country/bosnia-herzegovina.html
泽西岛,https://www.agoda.com/zh-cn/country/jersey.html
爱尔兰,https://www.agoda.com/zh-cn/country/ireland.html
爱沙尼亚,https://www.agoda.com/zh-cn/country/estonia.html
瑞典,https://www.agoda.com/zh-cn/country/sweden.html
瑞士,https://www.agoda.com/zh-cn/country/switzerland.html
白俄罗斯,https://www.agoda.com/zh-cn/country/belarus.html
直布罗陀,https://www.agoda.com/zh-cn/country/gibraltar.html
科索沃,https://www.agoda.com/zh-cn/country/kosovo.html
立陶宛,https://www.agoda.com/zh-cn/country/lithuania.html
罗马尼亚,https://www.agoda.com/zh-cn/country/romania.html
芬兰,https://www.agoda.com/zh-cn/country/finland.html
英国,https://www.agoda.com/zh-cn/country/united-kingdom.html
荷兰,https://www.agoda.com/zh-cn/country/netherlands.html
葡萄牙,https://www.agoda.com/zh-cn/country/portugal.html
西班牙,https://www.agoda.com/zh-cn/country/spain.html
阿塞拜疆,https://www.agoda.com/zh-cn/country/azerbaijan.html
阿尔巴尼亚,https://www.agoda.com/zh-cn/country/albania.html
马其顿,https://www.agoda.com/zh-cn/country/macedonia.html
马恩岛,https://www.agoda.com/zh-cn/country/isle-of-man.html
马耳他,https://www.agoda.com/zh-cn/country/malta.html
黑山,https://www.agoda.com/zh-cn/country/montenegro.html
不丹,https://www.agoda.com/zh-cn/country/bhutan.html
东帝汶,https://www.agoda.com/zh-cn/country/timor-leste.html
中国,https://www.agoda.com/zh-cn/country/china.html
乌兹别克斯坦,https://www.agoda.com/zh-cn/country/uzbekistan.html
亚美尼亚,https://www.agoda.com/zh-cn/country/armenia.html
印度,https://www.agoda.com/zh-cn/country/india.html
印度尼西亚,https://www.agoda.com/zh-cn/country/indonesia.html
台湾,https://www.agoda.com/zh-cn/country/taiwan.html
吉尔吉斯坦,https://www.agoda.com/zh-cn/country/kyrgyzstan.html
哈萨克斯坦,https://www.agoda.com/zh-cn/country/kazakhstan.html
塔吉克斯坦,https://www.agoda.com/zh-cn/country/tajikistan.html
孟加拉国,https://www.agoda.com/zh-cn/country/bangladesh.html
尼泊尔,https://www.agoda.com/zh-cn/country/nepal.html
巴基斯坦,https://www.agoda.com/zh-cn/country/pakistan.html
文莱,https://www.agoda.com/zh-cn/country/brunei-darussalam.html
斯里兰卡,https://www.agoda.com/zh-cn/country/sri-lanka.html
新加坡,https://www.agoda.com/zh-cn/country/singapore.html
日本,https://www.agoda.com/zh-cn/country/japan.html
柬埔寨,https://www.agoda.com/zh-cn/country/cambodia.html
泰国,https://www.agoda.com/zh-cn/country/thailand.html
澳门,https://www.agoda.com/zh-cn/country/macau.html
缅甸,https://www.agoda.com/zh-cn/country/myanmar.html
老挝,https://www.agoda.com/zh-cn/country/laos.html
菲律宾,https://www.agoda.com/zh-cn/country/philippines.html
蒙古,https://www.agoda.com/zh-cn/country/mongolia.html
越南,https://www.agoda.com/zh-cn/country/vietnam.html
韩国,https://www.agoda.com/zh-cn/country/south-korea.html
香港,https://www.agoda.com/zh-cn/country/hong-kong.html
马尔代夫,https://www.agoda.com/zh-cn/country/maldives.html
马来西亚,https://www.agoda.com/zh-cn/country/malaysia.html
加拿大,https://www.agoda.com/zh-cn/country/canada.html
圣皮埃尔和密克隆,https://www.agoda.com/zh-cn/country/saint-pierre-and-miquelon.html
墨西哥,https://www.agoda.com/zh-cn/country/mexico.html
美国,https://www.agoda.com/zh-cn/country/united-states.html
乌拉圭,https://www.agoda.com/zh-cn/country/uruguay.html
厄瓜多尔,https://www.agoda.com/zh-cn/country/ecuador.html
哥伦比亚,https://www.agoda.com/zh-cn/country/colombia.html
圭亚那,https://www.agoda.com/zh-cn/country/guyana.html
委内瑞拉,https://www.agoda.com/zh-cn/country/venezuela.html
巴拉圭,https://www.agoda.com/zh-cn/country/paraguay.html
巴西,https://www.agoda.com/zh-cn/country/brazil.html
智利,https://www.agoda.com/zh-cn/country/chile.html
法属圭亚那,https://www.agoda.com/zh-cn/country/french-guiana.html
玻利维亚,https://www.agoda.com/zh-cn/country/bolivia.html
福克兰群岛,https://www.agoda.com/zh-cn/country/falkland-islands.html
秘鲁,https://www.agoda.com/zh-cn/country/peru.html
苏里南,https://www.agoda.com/zh-cn/country/suriname.html
阿根廷,https://www.agoda.com/zh-cn/country/argentina.html
乌干达,https://www.agoda.com/zh-cn/country/uganda.html
佛得角,https://www.agoda.com/zh-cn/country/cape-verde.html
冈比亚,https://www.agoda.com/zh-cn/country/gambia.html
几内亚,https://www.agoda.com/zh-cn/country/guinea.html
几内亚比绍,https://www.agoda.com/zh-cn/country/guinea-bissau.html
刚果(布),https://www.agoda.com/zh-cn/country/republic-of-congo.html
刚果(金),https://www.agoda.com/zh-cn/country/democratic-republic-of-the-congo.html
加纳,https://www.agoda.com/zh-cn/country/ghana.html
加蓬,https://www.agoda.com/zh-cn/country/gabon.html
南非,https://www.agoda.com/zh-cn/country/south-africa.html
博茨瓦纳,https://www.agoda.com/zh-cn/country/botswana.html
卢旺达,https://www.agoda.com/zh-cn/country/rwanda.html
厄立特里亚,https://www.agoda.com/zh-cn/country/eritrea.html
吉布提,https://www.agoda.com/zh-cn/country/djibouti.html
喀麦隆,https://www.agoda.com/zh-cn/country/cameroon.html
圣多美和普林西比,https://www.agoda.com/zh-cn/country/sao-tome-and-principe.html
坦桑尼亚,https://www.agoda.com/zh-cn/country/tanzania.html
埃及,https://www.agoda.com/zh-cn/country/egypt.html
埃塞俄比亚,https://www.agoda.com/zh-cn/country/ethiopia.html
塞内加尔,https://www.agoda.com/zh-cn/country/senegal.html
塞拉利昂,https://www.agoda.com/zh-cn/country/sierra-leone.html
塞舌尔,https://www.agoda.com/zh-cn/country/seychelles.html
多哥,https://www.agoda.com/zh-cn/country/togo.html
安哥拉,https://www.agoda.com/zh-cn/country/angola.html
尼日利亚,https://www.agoda.com/zh-cn/country/nigeria.html
尼日尔,https://www.agoda.com/zh-cn/country/niger.html
布吉纳法索,https://www.agoda.com/zh-cn/country/burkina-faso.html
摩洛哥,https://www.agoda.com/zh-cn/country/morocco.html
斯威士兰,https://www.agoda.com/zh-cn/country/swaziland.html
查德,https://www.agoda.com/zh-cn/country/chad.html
毛里塔尼亚,https://www.agoda.com/zh-cn/country/mauritania.html
毛里求斯,https://www.agoda.com/zh-cn/country/mauritius.html
津巴布韦,https://www.agoda.com/zh-cn/country/zimbabwe.html
留尼汪岛,https://www.agoda.com/zh-cn/country/reunion-island.html
科摩罗,https://www.agoda.com/zh-cn/country/comoros.html
科特迪瓦,https://www.agoda.com/zh-cn/country/cote-d-ivoire.html
突尼斯,https://www.agoda.com/zh-cn/country/tunisia.html
纳米比亚,https://www.agoda.com/zh-cn/country/namibia.html
肯尼亚,https://www.agoda.com/zh-cn/country/kenya.html
莫桑比克,https://www.agoda.com/zh-cn/country/mozambique.html
莱索托,https://www.agoda.com/zh-cn/country/lesotho.html
蒲隆地,https://www.agoda.com/zh-cn/country/burundi.html
贝宁,https://www.agoda.com/zh-cn/country/benin.html
赞比亚,https://www.agoda.com/zh-cn/country/zambia.html
赤道几内亚,https://www.agoda.com/zh-cn/country/equatorial-guinea.html
阿尔及利亚,https://www.agoda.com/zh-cn/country/algeria.html
马拉维,https://www.agoda.com/zh-cn/country/malawi.html
马约特,https://www.agoda.com/zh-cn/country/mayotte.html
马达加斯加,https://www.agoda.com/zh-cn/country/madagascar.html
马里,https://www.agoda.com/zh-cn/country/mali.html
关岛,https://www.agoda.com/zh-cn/country/guam.html
北马里亚纳群岛,https://www.agoda.com/zh-cn/country/northern-mariana-islands.html
图瓦卡,https://www.agoda.com/zh-cn/country/tuvalu.html
基里巴斯,https://www.agoda.com/zh-cn/country/kiribati.html
密克罗尼西亚联邦,https://www.agoda.com/zh-cn/country/federated-states-of-micronesia.html
巴布亚新几内亚,https://www.agoda.com/zh-cn/country/papua-new-guinea.html
帕劳群岛,https://www.agoda.com/zh-cn/country/palau.html
库克群岛,https://www.agoda.com/zh-cn/country/cook-islands.html
所罗门群岛,https://www.agoda.com/zh-cn/country/solomon-islands.html
斐济,https://www.agoda.com/zh-cn/country/fiji.html
新喀里多尼亚,https://www.agoda.com/zh-cn/country/new-caledonia.html
新西兰,https://www.agoda.com/zh-cn/country/new-zealand.html
汤加群岛,https://www.agoda.com/zh-cn/country/tonga.html
法属波利尼西亚,https://www.agoda.com/zh-cn/country/french-polynesia.html
澳大利亚,https://www.agoda.com/zh-cn/country/australia.html
瓦利斯和富图纳群岛,https://www.agoda.com/zh-cn/country/wallis-and-futuna.html
瓦努阿图,https://www.agoda.com/zh-cn/country/vanuatu.html
科科斯（基林）群岛,https://www.agoda.com/zh-cn/country/cocos-keeling-islands.html
纽埃,https://www.agoda.com/zh-cn/country/niue.html
美属萨摩亚,https://www.agoda.com/zh-cn/country/american-samoa.html
萨摩亚,https://www.agoda.com/zh-cn/country/samoa.html
诺福克岛,https://www.agoda.com/zh-cn/country/norfolk-island.html
马绍尔群岛,https://www.agoda.com/zh-cn/country/marshall-islands.html
伯利兹,https://www.agoda.com/zh-cn/country/belize.html
危地马拉,https://www.agoda.com/zh-cn/country/guatemala.html
哥斯达黎加,https://www.agoda.com/zh-cn/country/costa-rica.html
圣卢西亚岛,https://www.agoda.com/zh-cn/country/saint-lucia.html
圣基茨尼维斯,https://www.agoda.com/zh-cn/country/saint-kitts-and-nevis.html
圣尤斯特歇斯,https://www.agoda.com/zh-cn/country/bonaire-sint-eustatius-and-saba.html
圣巴泰勒米岛,https://www.agoda.com/zh-cn/country/saint-barthelemy.html
圣文森,https://www.agoda.com/zh-cn/country/st-vincent-grenadines.html
圣马丁岛,https://www.agoda.com/zh-cn/country/saint-martin-france.html
多米尼克,https://www.agoda.com/zh-cn/country/dominica.html
多米尼加共和国,https://www.agoda.com/zh-cn/country/dominican-republic.html
安圭拉岛,https://www.agoda.com/zh-cn/country/anguilla.html
安提瓜和巴布达,https://www.agoda.com/zh-cn/country/antigua-barbuda.html
尼加拉瓜,https://www.agoda.com/zh-cn/country/nicaragua.html
巴哈马,https://www.agoda.com/zh-cn/country/bahamas.html
巴巴多斯,https://www.agoda.com/zh-cn/country/barbados.html
巴拿马,https://www.agoda.com/zh-cn/country/panama.html
库拉索,https://www.agoda.com/zh-cn/country/curacao.html
开曼群岛,https://www.agoda.com/zh-cn/country/cayman-islands.html
格林纳达,https://www.agoda.com/zh-cn/country/grenada.html
波多黎各,https://www.agoda.com/zh-cn/country/puerto-rico.html
洪都拉斯,https://www.agoda.com/zh-cn/country/honduras.html
海地,https://www.agoda.com/zh-cn/country/haiti.html
牙买加,https://www.agoda.com/zh-cn/country/jamaica.html
特克斯和凯科斯群岛,https://www.agoda.com/zh-cn/country/turks-caicos-islands.html
特立尼达和多巴哥,https://www.agoda.com/zh-cn/country/trinidad-tobago.html
瓜德罗普岛,https://www.agoda.com/zh-cn/country/guadeloupe.html
百慕大,https://www.agoda.com/zh-cn/country/bermuda.html
美属维尔京群岛,https://www.agoda.com/zh-cn/country/u-s-virgin-islands.html
英属维尔京群岛,https://www.agoda.com/zh-cn/country/british-virgin-islands.html
荷属圣马丁,https://www.agoda.com/zh-cn/country/sint-maarten-netherlands.html
萨尔瓦多,https://www.agoda.com/zh-cn/country/el-salvador.html
蒙特塞拉特,https://www.agoda.com/zh-cn/country/montserrat.html
阿鲁巴岛,https://www.agoda.com/zh-cn/country/aruba.html
马提尼克岛,https://www.agoda.com/zh-cn/country/martinique.html
以色列,https://www.agoda.com/zh-cn/country/israel.html
卡塔尔,https://www.agoda.com/zh-cn/country/qatar.html
巴勒斯坦领土,https://www.agoda.com/zh-cn/country/palestinian-territory.html
巴林,https://www.agoda.com/zh-cn/country/bahrain.html
沙特阿拉伯,https://www.agoda.com/zh-cn/country/saudi-arabia.html
科威特,https://www.agoda.com/zh-cn/country/kuwait.html
约旦,https://www.agoda.com/zh-cn/country/jordan.html
阿拉伯联合酋长国,https://www.agoda.com/zh-cn/country/united-arab-emirates.html
阿曼,https://www.agoda.com/zh-cn/country/oman.html
黎巴嫩,https://www.agoda.com/zh-cn/country/lebanon.html
